vitesse_moyenne,vitesse_min,vitesse_max,vitesse_ecart_type,vitesse_coefficient_variation,vitesse_range_ratio,acceleration_moyenne,acceleration_min,acceleration_max,acceleration_ecart_type,distance_totale,distance_ligne_droite,ratio_linearite,nombre_changements_direction,variance_angles,entropie_angles,label,session_id
1027.297,8.59,2268.798,767.531,0.747,0.996,-1212.069,-14813.323,8201.627,5873.492,1069.037,1065.188,0.996,4,0.173,2.038,human,_011ba7v1f
1057.892,12.492,3854.417,1173.34,1.109,0.997,-3675.217,-25577.364,12463.112,8161.486,1116.764,964.058,0.863,0,0.082,2.399,human,_065ntdngi
589.942,6.41,2120.97,587.032,0.995,0.997,365.423,-7401.449,12717.406,4543.856,1366.236,1213.149,0.888,7,0.659,2.216,human,_07vbjaxyd
971.738,175.378,2620.52,678.179,0.698,0.933,-945.307,-18615.586,25015.827,9110.167,1563.956,732.247,0.468,7,0.274,2.712,human,_08wqlerpj
352.566,14.925,793.103,258.298,0.733,0.981,-436.415,-3407.178,3531.726,1700.472,466.022,457.529,0.982,4,0.125,1.512,human,_0l3jfrvvt
987.018,44.24,5220.614,1216.571,1.233,0.992,492.518,-42013.92,67253.439,16661.333,1932.408,770.081,0.399,3,0.086,2.451,human,_0tsqag72c
804.64,10.802,5401.395,1433.29,1.781,0.998,-6614.314,-42554.679,8297.903,14961.125,673.319,546.443,0.812,3,0.182,2.342,human,_0wmguu8nk
1226.862,25.854,3985.392,1085.511,0.885,0.994,1206.549,-51512.745,31121.336,21059.138,1109.977,1051.961,0.948,2,0.377,1.767,human,_100r7drgn
626.304,39.229,1884.394,421.959,0.674,0.979,75.708,-12552.836,10083.79,4854.131,2750.863,958.94,0.349,3,0.137,2.228,human,_11j8fjh15
522.068,14.567,1780.323,370.491,0.71,0.992,227.813,-13382.144,34225.091,8720.91,780.903,627.932,0.804,1,0.042,2.356,human,_14r8wexbi
155.375,5.319,245.046,92.687,0.597,0.978,-10.753,-1126.255,1568.419,1147.914,39.421,37.802,0.959,1,0.036,1.099,human,_16fnkgabg
398.576,156.263,620.765,123.505,0.31,0.748,101.974,-3534.041,6285.591,1759.966,811.922,802.752,0.989,0,0.009,2.624,human,_176yqxy9x
610.299,22.964,1604.092,467.557,0.766,0.986,923.872,-6222.965,8591.641,3582.5,1566.991,1314.796,0.839,6,0.348,2.061,human,_18kncl01o
2826.066,4.032,12344.436,3515.983,1.244,1.0,4423.844,-105689.762,120068.28,48878.845,4169.869,37.483,0.009,8,0.503,2.359,human,_1efinwfgd
887.759,135.593,1766.379,503.696,0.567,0.923,-10.657,-19605.176,24931.091,7617.556,1772.464,1311.056,0.74,2,0.145,2.307,human,_1lb8lcs27
1745.183,6.849,4311.238,1478.17,0.847,0.998,211.927,-35340.211,78157.937,27498.827,1434.446,1399.04,0.975,3,0.264,2.206,human,_1pxpcwoo3
368.507,23.923,888.889,324.551,0.881,0.973,277.988,-7665.644,15321.304,6821.268,169.464,141.993,0.838,1,0.72,1.748,human,_1ujj0kedg
1364.396,3.747,5223.24,1642.515,1.204,0.999,-7811.454,-42406.916,10527.781,15976.925,872.393,830.537,0.952,1,0.204,2.025,human,_1vj2i3roy
2095.129,2.387,10942.932,2776.121,1.325,1.0,-3422.653,-115417.889,82660.442,32789.318,4304.767,193.83,0.045,14,0.606,2.743,human,_1y2krr02m
578.309,2.252,1680.618,570.066,0.986,0.999,317.686,-16876.044,24807.474,8423.03,854.601,643.012,0.752,7,0.691,2.155,human,_21ke2oi07
1353.981,26.912,2919.037,843.051,0.623,0.991,-2574.983,-25088.231,18889.95,14540.421,857.686,855.337,0.997,0,0.012,2.303,human,_28o07499e
439.837,8.251,1253.005,357.688,0.813,0.993,-308.888,-10222.562,9444.79,3557.97,986.425,911.653,0.924,6,0.535,2.091,human,_2bsjc5ms2
458.931,38.553,1703.323,406.725,0.886,0.977,179.301,-10097.467,17393.616,4916.534,765.332,710.211,0.928,4,0.146,2.834,human,_2d7qcc3pz
803.871,7.605,2259.213,682.852,0.849,0.997,-1376.072,-11573.738,13008.719,5943.962,839.998,819.036,0.975,1,0.104,2.313,human,_2e407tdeh
243.123,6.07,740.972,180.045,0.741,0.992,286.976,-8263.873,11692.28,3840.437,1092.076,929.659,0.851,2,0.027,2.077,human,_2f8ggng9x
482.476,66.748,1027.208,252.452,0.523,0.935,251.577,-5315.959,12442.452,3544.945,945.61,860.828,0.91,0,0.029,2.989,human,_2gpka837v
836.479,172.414,2153.793,606.372,0.725,0.92,-490.948,-17068.125,26597.97,9248.993,775.48,758.584,0.978,1,0.074,2.396,human,_2ktdzol0s
950.26,28.736,2542.913,794.115,0.836,0.989,275.819,-14989.875,21388.5,8758.392,927.279,871.868,0.94,1,0.092,2.307,human,_2p2b46oek
689.843,34.483,1631.438,469.12,0.68,0.979,-95.332,-14871.976,26613.731,9081.863,797.384,545.297,0.684,5,0.465,2.229,human,_2r2fxzpl1
228.74,0.0,744.38,160.785,0.703,1.0,54.93,-6671.127,7483.558,2337.723,946.687,794.788,0.84,9,0.176,2.12,human,_2s0unsrsi
1985.793,66.667,7392.514,2306.263,1.161,0.991,-517.478,-66867.777,97696.236,37372.815,1425.546,1421.446,0.997,0,0.061,2.485,human,_2t42u8q72
1704.497,80.484,4596.472,1533.465,0.9,0.982,-3687.992,-41005.814,40493.312,19110.355,1055.968,1024.902,0.971,1,0.059,1.973,human,_31631ek6c
1546.02,11.765,6838.75,1986.309,1.285,0.998,2010.279,-57671.319,67414.405,30424.163,1403.486,1339.24,0.954,4,0.306,2.523,human,_33jc0fumu
390.441,0.0,1701.309,451.677,1.157,1.0,783.376,-19723.248,24306.743,8037.901,999.452,969.852,0.97,8,0.508,1.894,human,_33lz855i8
1011.494,26.352,3017.36,983.267,0.972,0.991,-2236.842,-21749.895,15749.554,10593.167,643.593,587.663,0.913,2,0.54,1.887,human,_33uxdydv2
1196.693,28.986,2527.2,774.32,0.647,0.989,-1290.524,-11111.105,16955.982,6716.641,1437.165,1334.404,0.928,1,0.054,2.762,human,_396c7fc7a
1435.767,3.39,7185.017,1729.297,1.204,1.0,1580.638,-51036.616,78866.474,28261.247,2024.849,1631.255,0.806,5,0.415,2.175,human,_39fgmjera
1415.676,17.515,6636.463,1763.552,1.246,0.997,-1375.366,-68339.542,69843.242,27353.313,1581.193,1433.196,0.906,0,0.033,2.625,human,_3ba7e2oyn
1199.929,0.0,2956.545,892.362,0.744,1.0,811.107,-22851.853,32732.746,14392.82,1882.442,1220.015,0.648,4,0.302,2.179,human,_3jl4u8afo
1029.438,20.134,3686.915,1026.178,0.997,0.995,-259.145,-30480.136,16671.142,11247.026,1252.788,913.352,0.729,4,0.084,1.259,human,_3pc43zykl
2180.705,573.523,4818.372,1550.86,0.711,0.881,-2879.294,-41131.145,29155.991,22406.894,988.702,963.636,0.975,0,0.077,1.748,human,_3w1b8t5p2
575.585,0.0,1672.68,467.588,0.812,1.0,432.432,-4407.468,7750.248,2908.834,954.999,886.518,0.928,3,0.756,1.692,human,_3z06x5d7m
1270.38,12.5,3001.238,869.01,0.684,0.996,-1957.306,-23415.993,20777.588,13740.819,1104.256,713.257,0.646,5,0.868,2.243,human,_4cxc3bekx
628.314,4.762,2614.184,658.65,1.048,0.998,-296.75,-16757.586,17879.151,7854.603,971.697,927.459,0.954,1,0.072,2.142,human,_4d728gntv
1125.696,372.629,3364.011,1013.947,0.901,0.889,1004.814,-28745.607,57526.577,26915.53,534.342,529.265,0.99,0,0.012,1.561,human,_4foqiv9oy
875.878,154.212,2153.793,571.214,0.652,0.928,-216.062,-15310.563,23710.036,8927.853,1069.69,941.252,0.88,2,0.116,2.623,human,_4jofbyj9a
458.517,6.369,1789.868,429.616,0.937,0.996,-283.734,-9519.075,10029.534,4635.31,877.636,797.629,0.909,5,0.239,2.662,human,_4zb4c6fak
597.232,125.369,1180.122,305.511,0.512,0.894,-391.176,-8314.954,5569.957,4264.491,658.473,613.922,0.932,0,0.025,2.736,human,_5fl0a4bvc
797.927,0.0,1471.111,481.361,0.603,1.0,725.944,-6686.868,13445.672,5241.674,1505.61,1195.167,0.794,5,0.574,2.218,human,_5fs8cxcp9
118.437,29.412,227.982,60.965,0.515,0.871,-516.325,-2491.995,1085.676,1143.27,51.902,50.09,0.965,1,0.078,1.792,human,_5j0jvz9dx
849.571,54.393,2315.054,624.893,0.736,0.977,-192.388,-25233.598,20953.974,9665.789,1644.213,509.66,0.31,13,0.718,2.449,human,_5op2ztia3
247.849,4.149,794.788,184.221,0.743,0.995,219.411,-6913.843,6563.592,2797.221,779.433,707.842,0.908,5,0.114,2.583,human,_5rm00zgd8
575.736,99.981,1430.619,423.874,0.736,0.93,-817.202,-6247.553,6887.962,3331.647,788.1,571.778,0.726,4,0.275,2.306,human,_5tg3p0cz5
554.861,39.216,1208.491,317.16,0.572,0.968,-546.43,-9243.918,4632.713,3577.413,644.186,435.46,0.676,3,0.114,2.58,human,_5vok0k7al
1751.939,21.053,5111.161,1587.134,0.906,0.996,2252.42,-35638.724,51497.507,26252.731,1212.435,1155.779,0.953,4,0.277,2.146,human,_5xxxhpmzu
317.501,6.897,834.027,166.203,0.523,0.992,-68.665,-6529.788,5971.842,2554.664,1021.929,995.904,0.975,2,0.061,1.96,human,_5xz9i1cg7
501.529,61.262,757.444,182.232,0.363,0.919,-90.245,-3833.769,3810.662,2278.273,628.61,619.658,0.986,0,0.01,2.582,human,_66j8jqy7j
1773.873,13.889,4896.668,1665.45,0.939,0.997,-2608.937,-27386.524,14978.965,10554.096,1369.409,1249.13,0.912,3,1.324,1.972,human,_6blsdg4zz
2367.965,2.506,6771.06,2280.555,0.963,1.0,-9290.9,-52225.343,12548.904,18296.767,1560.009,1331.424,0.853,3,1.575,1.677,human,_6ecvchcci
2216.736,9.356,14888.156,3596.513,1.622,0.999,10660.094,-151049.143,267256.863,77481.392,3983.503,561.664,0.141,14,2.304,2.602,human,_6i9in7v99
782.358,34.401,2928.626,909.258,1.162,0.988,-1355.51,-16449.718,30497.438,9969.972,701.027,689.494,0.984,0,0.024,2.396,human,_6k8f8ebam
640.912,11.494,1778.019,548.619,0.856,0.994,34.97,-20982.094,11442.641,7273.062,1233.157,796.84,0.646,2,0.312,2.119,human,_6kruzxnl8
681.671,3.968,2263.77,605.546,0.888,0.998,-431.196,-17175.205,11582.962,5746.768,1182.899,912.195,0.771,2,0.438,0.926,human,_6oiau5mi3
1273.905,11.905,5481.008,1295.867,1.017,0.998,671.183,-43208.948,56492.112,21232.46,1941.529,1410.692,0.727,8,0.921,2.228,human,_6rqhnnwo7
365.35,0.0,1491.357,279.776,0.766,1.0,-139.14,-11988.382,15413.451,4307.35,1007.602,961.961,0.955,4,0.308,1.715,human,_6sz38z69z
2118.314,72.317,7375.67,1938.875,0.915,0.99,1501.619,-45155.356,59301.215,24586.794,2108.719,1703.012,0.808,3,0.742,2.01,human,_742bi7w8a
2771.264,38.408,8288.369,3068.459,1.107,0.995,10930.241,-22634.756,90682.584,34860.881,1928.587,1705.681,0.884,6,1.313,2.043,human,_74eyvgpt0
3682.377,173.553,13018.739,4766.732,1.294,0.987,-46267.952,-112828.676,2296.58,51626.277,1485.134,1271.63,0.856,2,0.762,1.609,human,_75ta20425
247.907,-30.784,970.737,300.897,1.214,1.032,1087.126,-9786.36,10725.031,5697.695,520.406,33.0,0.063,9,1.5,1.718,human,_7a8ojet5f
555.116,13.514,2903.02,702.117,1.265,0.995,1056.455,-32586.32,53607.225,15414.753,653.728,624.196,0.955,2,0.115,2.232,human,_7amkdd6q2
382.617,13.0,1274.51,312.517,0.817,0.99,-743.348,-9205.404,4600.052,2687.386,607.783,537.587,0.885,4,0.064,2.165,human,_7mt14brek
447.083,92.593,935.764,255.097,0.571,0.901,-468.26,-5565.017,6971.951,3335.008,1263.914,983.749,0.778,2,0.25,1.617,human,_7owpmk906
1434.029,71.945,3086.4,1010.31,0.705,0.977,-1719.191,-23738.584,19622.822,12047.042,1168.485,942.985,0.807,2,0.243,2.245,human,_7xa9ror07
1443.869,447.499,3570.937,967.804,0.67,0.875,-3127.118,-22005.013,22715.88,11336.744,962.425,951.378,0.989,0,0.014,2.146,human,_87l4rpw5v
1044.39,29.762,2216.372,836.729,0.801,0.987,-613.0,-19477.674,20794.794,10495.985,847.091,837.798,0.989,0,0.014,2.138,human,_8btduqxtb
396.414,64.545,628.948,136.664,0.345,0.897,-310.344,-6669.44,2795.245,1970.692,570.234,569.727,0.999,0,0.004,2.593,human,_8jorjxqc2
653.345,9.804,1950.759,583.236,0.893,0.995,425.687,-14396.437,14813.205,7280.184,1169.828,900.434,0.77,9,1.256,2.107,human,_8jq0ronhf
1041.163,65.555,3668.567,1074.311,1.032,0.982,-730.92,-26892.575,27117.694,13716.432,850.511,696.759,0.819,5,0.217,2.205,human,_8k7ntqflv
545.237,17.459,1077.305,327.206,0.6,0.984,-295.163,-6446.658,5149.126,3082.475,624.33,591.486,0.947,3,0.168,2.26,human,_8n43nopxc
1590.663,6.452,4292.334,1369.844,0.861,0.998,-3551.201,-59253.09,44100.889,20695.94,1942.974,1514.456,0.779,5,0.282,2.442,human,_8opj3s3c9
558.804,29.211,1496.504,380.942,0.682,0.98,108.406,-9680.125,26875.678,7922.998,853.336,788.113,0.924,1,0.082,2.643,human,_8pybjzxzf
2182.083,3.922,6083.377,2102.235,0.963,0.999,3791.151,-35187.422,41823.7,19697.894,1716.839,1397.915,0.814,7,0.767,2.254,human,_8swwtvyhy
737.218,34.401,1326.242,466.149,0.632,0.974,-329.326,-14419.215,4041.702,3488.449,984.503,915.05,0.929,3,0.059,2.5,human,_8ulguesj2
1043.49,4.831,3070.306,844.499,0.809,0.998,-33.072,-23093.085,52830.381,16611.566,1048.654,830.399,0.792,7,0.714,2.262,human,_93hp3f0y3
552.324,6.999,1537.375,453.559,0.821,0.995,400.003,-11281.045,12929.866,5772.328,984.766,962.346,0.977,0,0.023,1.609,human,_95ho3jwxv
551.385,13.216,1968.238,422.926,0.767,0.993,-637.76,-8357.634,8851.246,3925.706,1135.301,992.071,0.874,0,0.025,2.701,human,_9j3p1pbop
203.322,3.717,612.027,159.844,0.786,0.994,19.099,-9719.121,7051.665,2663.803,723.318,600.468,0.83,12,0.172,2.881,human,_9w9e6o6x6
575.612,3.226,1828.318,439.062,0.763,0.998,270.016,-8083.974,11395.1,4402.509,868.185,761.594,0.877,3,0.188,2.432,human,_9zro2mvso
1088.47,109.091,3182.081,932.975,0.857,0.966,-655.78,-31983.148,34501.862,12842.38,969.93,900.869,0.929,2,0.201,2.338,human,_9zwy5bx9s
467.457,82.379,1133.35,252.147,0.539,0.927,140.475,-9642.004,10945.874,4217.258,872.654,759.25,0.87,2,0.241,1.998,human,_a3jj4418w
419.255,3.396,827.766,240.404,0.573,0.996,-308.99,-5211.33,5288.433,2700.47,349.044,337.013,0.966,1,0.04,2.352,human,_a82qytcor
629.24,28.644,1851.342,456.371,0.725,0.985,230.641,-9963.858,14025.034,5252.591,1588.976,1183.149,0.745,6,0.233,2.055,human,_a870uyey1
1552.186,40.656,6462.939,1545.125,0.995,0.994,-892.534,-68111.374,101377.25,34858.44,1291.568,953.841,0.739,4,0.294,2.441,human,_a9xp0kpb9
1087.378,31.009,3782.092,896.678,0.825,0.992,-1058.571,-49035.516,25518.601,16217.612,1195.738,831.817,0.696,5,0.346,2.322,human,_adg8xde9v
570.97,117.851,1566.785,502.912,0.881,0.925,1015.696,-12919.281,15627.934,7443.171,340.593,282.816,0.83,1,0.106,2.043,human,_ana2opy66
1386.709,118.644,4787.567,1495.148,1.078,0.975,5718.012,-20197.303,36877.186,13863.324,1174.55,1094.789,0.932,3,0.726,1.885,human,_aob3wcf0e
3246.728,0.0,12854.893,4566.671,1.407,1.0,38713.811,-38702.177,152705.922,69904.213,1506.782,1406.359,0.933,3,2.689,1.332,human,_auskjsf9z
441.053,16.335,858.094,245.733,0.557,0.981,246.04,-6925.728,8791.809,3421.748,1161.876,1052.063,0.905,2,0.126,1.911,human,_b089303gr
503.251,36.066,1168.877,359.733,0.715,0.969,-455.378,-6221.039,8049.289,3504.656,592.264,503.16,0.85,3,0.273,2.507,human,_b5u15dedo
354.621,4.246,1351.795,318.939,0.899,0.997,263.098,-18253.295,16712.301,4355.813,924.949,846.216,0.915,5,0.352,2.411,human,_b7psz3chc
563.967,34.611,3428.954,844.557,1.498,0.99,-973.664,-8580.769,5789.395,4047.127,985.692,885.755,0.899,2,0.201,2.023,human,_b9332kmwd
544.488,3.145,1701.766,467.186,0.858,0.998,313.24,-18044.714,11519.082,6714.966,549.837,461.854,0.84,3,0.3,2.339,human,_baiayr6dr
370.873,77.106,943.247,212.091,0.572,0.918,-91.031,-10179.51,5072.906,2916.636,578.811,576.585,0.996,0,0.008,2.845,human,_bicko1kk0
1670.382,10.695,6767.985,2111.697,1.264,0.998,-6115.828,-36959.695,25961.148,18033.012,1389.771,1271.17,0.915,2,0.164,2.342,human,_bixdb5ke0
1340.475,54.79,4897.319,1447.669,1.08,0.989,-2284.982,-32141.528,42980.43,16106.003,1216.031,1121.254,0.922,3,0.155,2.431,human,_bmye2cme1
1327.783,5.291,4277.609,1473.856,1.11,0.999,-956.563,-24772.31,26421.829,11916.038,1409.857,1218.238,0.864,2,0.527,2.245,human,_bpjuzl3oj
689.246,39.751,1670.635,519.598,0.754,0.976,348.581,-17077.673,26283.65,9750.509,1147.592,687.759,0.599,4,0.093,2.68,human,_brvskce2s
1433.886,39.93,3121.118,947.234,0.661,0.987,-3122.453,-29446.003,20679.806,11937.566,1302.782,1264.279,0.97,0,0.023,2.211,human,_btpinc6gr
2376.617,29.109,6668.394,2637.121,1.11,0.996,-8027.071,-47067.526,11421.61,16337.302,1718.628,1610.16,0.937,2,0.101,2.138,human,_bwvf4u301
782.303,33.88,1803.847,654.715,0.837,0.981,-3571.413,-25515.556,11310.832,10755.815,403.292,392.938,0.974,0,0.07,1.906,human,_byh7bajkr
1818.215,5.102,8166.808,2522.617,1.387,0.999,-7438.863,-70870.32,24114.886,22151.37,1696.974,1629.011,0.96,1,0.621,1.552,human,_c29vnz7t0
156.213,0.0,1005.933,174.42,1.117,1.0,618.899,-4590.528,17423.887,3406.531,542.533,381.243,0.703,6,0.27,0.881,human,_c3io58k9i
477.363,16.233,976.856,309.709,0.649,0.983,-550.296,-8768.802,12064.111,4589.893,595.142,491.874,0.826,3,0.201,2.467,human,_c7tn3zw7s
430.233,15.207,1308.492,286.99,0.667,0.988,-269.968,-7648.581,8316.3,2279.934,959.66,928.227,0.967,2,0.072,2.162,human,_ckeo3zpp6
1552.842,1.71,4084.136,1343.484,0.865,1.0,3210.496,-25684.828,50966.03,26026.252,1040.952,1023.04,0.983,2,0.291,1.972,human,_colam2aig
416.346,186.494,824.167,229.655,0.552,0.774,-647.885,-9026.484,4646.759,3990.146,193.792,193.215,0.997,0,0.01,1.748,human,_cp9ox99q9
1351.847,3.868,3008.528,991.973,0.734,0.999,1028.237,-17037.606,42471.446,14045.314,1122.637,1070.077,0.953,1,0.137,2.206,human,_csfhxfubq
779.019,25.0,2634.246,991.791,1.273,0.991,-4159.454,-12820.372,565.844,5170.93,534.757,521.5,0.975,1,0.345,1.242,human,_cwf6sf8yn
934.269,522.133,1483.36,301.174,0.322,0.648,-663.343,-8267.909,10382.536,5610.604,652.16,566.593,0.869,1,0.101,2.146,human,_cye1jmz2k
1098.83,24.044,3233.962,1064.232,0.969,0.993,-246.111,-16416.843,38004.471,12516.877,1040.058,1010.844,0.972,0,0.071,2.513,human,_d2twfjoop
476.292,19.608,1601.734,452.265,0.95,0.988,279.419,-15862.629,28282.125,8944.006,651.881,594.274,0.912,2,0.085,2.524,human,_d4lct3gmb
821.586,8.264,2915.731,800.997,0.975,0.997,-2472.207,-20909.664,20252.417,9201.957,883.757,868.451,0.983,0,0.026,2.428,human,_db5mq3tfg
332.516,9.479,905.678,230.035,0.692,0.99,41.654,-7843.674,9910.37,2859.084,1047.571,940.495,0.898,5,0.071,2.38,human,_deiyyrgf1
960.952,95.589,3360.039,859.35,0.894,0.972,-2780.752,-37850.747,12650.381,10045.567,921.492,882.525,0.958,0,0.056,2.616,human,_dofa2ylqi
2583.863,37.037,8705.06,2873.658,1.112,0.996,-5779.402,-59254.138,66187.759,37316.846,1769.501,139.807,0.079,2,0.824,1.673,human,_doj266qk9
520.842,73.627,1578.41,499.966,0.96,0.953,280.551,-6813.546,4830.861,3198.181,593.202,431.789,0.728,5,0.829,2.008,human,_dtumnctrj
934.229,12.5,3287.638,1028.435,1.101,0.996,2942.465,-45576.975,41954.105,19772.368,1485.612,964.571,0.649,11,1.125,2.582,human,_dx33slzcu
189.411,8.032,517.857,134.308,0.709,0.984,157.391,-5156.407,8771.259,2748.393,810.714,809.04,0.998,0,0.005,1.996,human,_e5ng6cf50
265.584,0.0,823.529,168.958,0.636,1.0,100.484,-10434.833,7736.979,3082.407,1144.206,855.748,0.748,2,0.036,1.439,human,_e6ueszqc0
778.524,4.592,2607.1,729.793,0.937,0.998,177.761,-19920.541,19682.453,8749.804,903.631,826.956,0.915,5,0.259,2.132,human,_eajp6gqxr
1341.09,61.685,3118.616,1066.309,0.795,0.98,1721.514,-22876.022,42786.997,17922.761,987.572,969.92,0.982,0,0.024,2.254,human,_ecxs08tpj
1849.737,15.974,5216.151,1913.445,1.034,0.997,-3524.24,-55411.464,21248.784,17771.547,1359.982,1299.623,0.956,1,0.052,2.254,human,_ehpthllm7
1093.82,39.837,2510.679,832.044,0.761,0.984,-996.591,-24170.208,24929.613,13497.177,917.165,903.398,0.985,1,0.043,2.245,human,_ek4pn9h0g
515.447,16.559,1652.665,433.024,0.84,0.99,620.859,-11588.159,12045.099,5013.86,811.327,706.208,0.87,3,0.133,2.342,human,_enj5xcfiw
2498.687,9.217,6882.324,2248.893,0.9,0.999,-5567.782,-73206.033,45468.065,33586.776,2083.348,172.047,0.083,4,0.395,2.107,human,_eyfw0wvm5
4019.104,191.468,14044.523,4705.832,1.171,0.986,-4255.027,-167462.102,241645.224,113470.745,2352.159,502.109,0.213,3,2.085,1.475,human,_fcr3huw47
809.633,92.163,3158.333,752.276,0.929,0.971,754.654,-31690.708,33791.691,11923.148,1123.844,990.329,0.881,2,0.109,2.487,human,_fdjosa1he
291.372,16.807,1392.102,265.319,0.911,0.988,-94.367,-6913.803,4381.317,2082.394,955.174,899.903,0.942,0,0.019,2.882,human,_fgf3agab7
406.621,7.19,1293.103,366.414,0.901,0.994,-386.924,-9845.189,10018.948,3573.468,668.108,592.623,0.887,5,0.238,1.881,human,_fq34s01fi
769.902,196.582,1721.118,418.403,0.543,0.886,-377.601,-7646.3,12238.524,5295.429,846.694,844.104,0.997,0,0.005,2.659,human,_frf423nb2
843.751,6.258,3124.926,913.608,1.083,0.998,-2353.008,-19921.638,15441.133,8800.959,924.12,821.457,0.889,4,0.426,2.245,human,_ftc6uhx4w
1033.533,26.385,2166.201,620.449,0.6,0.988,-477.792,-18764.217,9997.913,6845.731,1307.107,839.434,0.642,4,0.212,2.648,human,_fx4l3v99r
1104.543,52.86,2948.373,866.514,0.784,0.982,-2681.634,-9941.782,8423.904,4990.403,1215.747,1148.496,0.945,1,0.038,2.505,human,_g02pu7jd9
1121.379,59.666,3887.605,955.818,0.852,0.985,-2059.429,-36695.996,30396.994,13368.88,1756.937,877.246,0.499,7,0.286,2.598,human,_g5789s7c2
1707.826,1.786,6961.995,2569.028,1.504,1.0,-16215.995,-69575.443,117.4,26947.281,638.243,626.86,0.982,2,0.207,1.609,human,_gbtulgne2
324.157,3.281,829.771,245.022,0.756,0.996,-81.565,-6047.975,7561.203,3019.493,1024.901,850.979,0.83,9,0.647,2.09,human,_gs4vivlgh
1158.988,4.292,3235.742,1067.112,0.921,0.999,-192.431,-18449.641,24754.52,12455.164,1223.075,880.348,0.72,6,0.51,2.322,human,_gsn59mbfq
1446.014,2.309,7455.181,2162.151,1.495,1.0,294.231,-71337.321,88132.898,30283.654,1450.489,1396.662,0.963,4,1.097,1.84,human,_gszemyjee
1158.573,9.709,3744.04,1222.693,1.055,0.997,2859.076,-15558.821,44617.223,15226.607,1408.396,951.77,0.676,4,0.244,2.139,human,_gt1w3epaz
1731.409,157.895,4125.474,1513.488,0.874,0.962,-4687.791,-19216.311,18141.916,11324.986,1011.527,953.311,0.942,1,0.03,2.043,human,_gxr38dodj
787.386,18.462,1764.021,534.332,0.679,0.99,295.279,-12811.312,30481.794,8180.563,879.958,721.886,0.82,5,0.379,2.582,human,_h3dj8j78f
265.85,1.828,755.676,209.067,0.786,0.998,-91.756,-3689.724,3623.073,1524.97,598.058,542.973,0.908,7,0.46,1.702,human,_h8hdwzgkd
524.967,107.196,981.516,332.471,0.633,0.891,-397.051,-9205.523,4247.834,2783.443,710.188,652.476,0.919,0,0.037,2.728,human,_ha6c2u3u1
463.227,10.417,1904.424,519.107,1.121,0.995,-546.73,-13966.615,15047.988,5746.684,674.334,463.062,0.687,3,0.374,1.986,human,_he36z4rao
564.234,0.0,2058.695,672.922,1.193,1.0,3015.914,-25733.694,28368.019,12048.043,840.912,576.383,0.685,5,1.567,2.303,human,_hiqya86op
1402.255,11.236,9970.601,2865.348,2.043,0.999,-7710.72,-50778.731,4874.108,16521.684,1585.677,1375.918,0.868,4,1.161,2.025,human,_hoo92s0rg
476.187,31.863,1233.813,352.82,0.741,0.974,716.025,-5009.764,15170.297,4489.637,950.5,926.389,0.975,0,0.011,2.548,human,_hq2op1196
1124.283,7.299,2419.943,842.693,0.75,0.997,-2774.66,-37754.849,11326.646,12425.925,826.943,766.164,0.927,3,0.127,2.369,human,_hrvetyzwb
638.523,18.182,1552.107,440.9,0.69,0.988,104.015,-8330.249,9253.378,4438.342,1175.684,937.934,0.798,1,0.082,1.713,human,_huz5iopi8
1875.359,84.143,5679.25,1956.167,1.043,0.985,-7655.078,-33153.416,18676.852,15914.268,1149.057,1091.349,0.95,1,0.103,2.025,human,_hvk5qe7tl
1652.117,24.696,3554.526,1091.631,0.661,0.993,-4276.923,-15376.953,1358.503,5027.997,1339.397,1329.581,0.993,1,0.312,1.519,human,_i551oekrm
385.152,31.494,642.035,220.796,0.573,0.951,-1037.809,-3792.722,2141.471,2018.929,177.667,174.614,0.983,1,0.086,1.475,human,_i9gvpxi8x
2424.452,37.631,7398.98,2129.125,0.878,0.995,1939.349,-85972.135,97420.806,49936.573,2174.028,1014.371,0.467,6,1.185,2.211,human,_iem55uv10
944.585,7.634,3459.566,835.694,0.885,0.998,278.634,-18960.691,32426.65,9345.745,1695.484,390.825,0.231,6,0.499,2.064,human,_ihzn7dv35
983.447,18.48,2170.223,637.129,0.648,0.991,-1230.24,-13576.212,9438.297,7159.48,859.931,720.978,0.838,3,0.191,2.54,human,_ipbda3c6t
300.533,77.146,582.327,138.952,0.462,0.868,-284.802,-4740.385,6585.191,2569.239,817.004,792.228,0.97,3,0.353,2.146,human,_isi7ve506
2494.489,14.365,6527.501,2619.902,1.05,0.998,-8212.117,-43139.017,7677.547,14590.381,1816.224,1719.159,0.947,2,0.463,1.979,human,_ivils4vav
682.415,61.336,1962.548,557.603,0.817,0.969,582.957,-14711.866,37278.673,13392.752,426.52,415.915,0.975,1,0.054,2.025,human,_j0hosga6j
1342.177,8.197,3796.355,1185.415,0.883,0.998,-1980.586,-50852.616,27841.699,15975.577,1511.081,1468.68,0.972,3,0.193,2.16,human,_j2t1jswh3
1303.657,36.42,5475.837,1611.79,1.236,0.993,-356.428,-30317.571,54374.214,21512.303,1087.7,1077.295,0.99,0,0.025,2.441,human,_j4v7uwz35
1664.545,19.608,4744.977,1594.525,0.958,0.996,-1378.608,-57262.819,79882.73,31847.786,1998.494,1347.853,0.674,9,1.679,2.346,human,_j8dlzsljz
37.736,-113.208,113.208,106.733,2.828,2.0,4271.983,4271.983,4271.983,0.0,18.0,6.0,0.333,2,0.0,0.0,human,_job4857tg
345.334,6.349,1143.324,343.705,0.995,0.994,-247.852,-6117.525,7093.784,2700.553,511.687,359.255,0.702,10,0.781,2.599,human,_jt7bse8fh
1127.06,45.408,4571.489,1474.984,1.309,0.99,-6304.258,-23562.266,6332.869,9749.151,763.678,732.487,0.959,1,0.559,1.642,human,_jub5io6wt
521.837,118.069,1599.669,401.212,0.769,0.926,-10.214,-16128.267,19806.907,7149.0,1097.269,763.804,0.696,4,0.37,2.067,human,_jwriwyvxv
503.101,10.214,1553.413,415.452,0.826,0.993,-116.308,-12749.047,29182.92,7742.62,953.27,923.564,0.969,0,0.029,2.81,human,_k64gomklw
1051.418,23.256,2741.379,738.466,0.702,0.992,-507.548,-17806.779,16463.269,8709.839,1643.998,1295.343,0.788,3,0.281,2.289,human,_k9bse84to
1387.762,56.469,5114.162,1305.99,0.941,0.989,-3655.57,-62506.935,35670.439,23064.31,1076.734,1073.22,0.997,0,0.021,2.458,human,_kctqrb7tc
637.503,11.882,1828.1,544.982,0.855,0.994,-534.816,-15150.8,11924.667,6452.887,932.992,918.391,0.984,0,0.018,2.609,human,_keqthe0cj
308.686,0.0,1141.572,391.324,1.268,1.0,373.699,-9893.18,15325.409,6748.825,208.84,206.649,0.99,2,1.009,1.677,human,_kqk78z5zj
1889.816,0.0,9823.921,2784.484,1.473,1.0,8272.96,-121430.957,91701.323,50103.134,1621.922,1341.179,0.827,6,1.466,2.205,human,_ksifka44u
945.236,0.0,2713.916,865.378,0.916,1.0,-699.438,-15624.897,37365.038,11684.265,1137.511,722.79,0.635,9,0.802,2.458,human,_ksycpyica
1292.716,15.625,4474.283,1315.723,1.018,0.997,-5501.656,-28095.756,13434.041,11277.8,1110.673,1109.2,0.999,0,0.014,2.107,human,_ku7qgrrgk
2860.599,34.483,9822.159,3503.528,1.225,0.996,1141.293,-80749.209,144850.309,55317.219,2035.183,1782.707,0.876,5,1.02,2.025,human,_kymhftxij
1429.031,12.048,7699.1,2084.123,1.458,0.998,-7820.248,-59310.144,23610.702,20827.66,1120.759,1033.736,0.922,4,0.576,2.205,human,_l3ifq7yi6
408.106,58.902,879.071,373.364,0.915,0.933,-958.163,-4316.91,574.925,1994.534,137.053,129.294,0.943,1,0.299,1.386,human,_l3isctvej
1959.135,67.802,4657.407,1198.812,0.612,0.985,-75.138,-28236.621,48672.136,17155.583,4731.206,606.06,0.128,14,0.704,2.755,human,_l51ii34mv
705.18,17.544,1650.955,473.419,0.671,0.989,-1532.558,-6878.086,5734.968,2748.628,686.688,684.048,0.996,2,0.186,1.721,human,_l5rsqs6tb
258.811,0.0,612.232,178.257,0.689,1.0,237.787,-8614.675,9634.263,3929.991,855.301,834.01,0.975,6,0.696,1.344,human,_ldrnrqohg
892.176,32.883,2260.463,694.274,0.778,0.985,-1372.4,-23349.848,12234.666,8505.887,1268.247,680.342,0.536,4,0.149,2.474,human,_lyseddl2s
2065.372,39.082,8721.229,2676.691,1.296,0.996,-1128.619,-93506.887,91940.211,41675.945,1486.255,1455.908,0.98,2,0.081,2.254,human,_lzu4fsk1e
813.782,4.425,2393.442,663.737,0.816,0.998,-954.995,-20015.171,12503.007,6882.705,1181.733,962.369,0.814,1,0.102,1.609,human,_m9bcw90cr
1041.237,65.998,2987.539,805.649,0.774,0.978,2333.309,-23528.973,38492.571,14256.694,1063.619,520.671,0.49,1,0.149,2.396,human,_mfrog7g2s
1829.998,8.621,6389.265,2251.421,1.23,0.999,-5793.075,-40784.149,27452.571,18104.959,1425.816,1349.066,0.946,1,0.157,2.205,human,_ml5h74yq3
1267.872,91.193,3593.204,1016.704,0.802,0.975,376.38,-19202.84,41815.895,13306.809,1610.435,866.014,0.538,6,0.337,2.582,human,_mnyuy809t
1825.963,10.102,5466.153,1773.299,0.971,0.998,-5.0,-23833.457,48413.838,16110.691,2129.907,1567.72,0.736,1,0.325,1.917,human,_mou6xk4qw
1173.076,308.423,2673.871,674.025,0.575,0.885,-1467.197,-19675.126,11823.967,8650.333,818.67,795.633,0.972,0,0.014,2.398,human,_mp0o9reoq
1100.539,103.016,3374.733,834.53,0.758,0.969,-1110.155,-23139.322,22786.774,10622.204,1441.913,687.517,0.477,3,0.287,2.071,human,_mqg34lda0
473.3,15.713,1451.249,424.946,0.898,0.989,0.474,-14617.254,25282.623,7039.056,921.89,832.328,0.903,2,0.075,2.621,human,_mrbttotjc
1157.061,107.981,2763.311,941.889,0.814,0.961,-3638.925,-12495.679,8244.708,6084.731,721.671,646.607,0.896,2,0.208,2.164,human,_muqv443q0
787.411,0.0,1731.47,507.045,0.644,1.0,-134.524,-8896.465,6738.896,4015.383,1314.657,1073.079,0.816,3,0.572,1.977,human,_n0o41b18w
1571.389,62.698,4427.413,1338.934,0.852,0.986,-2010.302,-36131.127,35223.956,18572.68,1227.286,1161.933,0.947,1,0.123,2.458,human,_n3y14mfhc
1329.032,118.996,3478.434,1009.405,0.76,0.966,-2505.763,-20295.963,17507.656,10763.147,1259.938,1191.119,0.945,0,0.034,2.599,human,_n48tbqwoa
341.18,158.958,562.925,103.421,0.303,0.718,-47.917,-2667.512,2354.838,1316.158,552.208,547.227,0.991,0,0.008,2.622,human,_n7zi9jrd8
548.351,15.873,1310.716,463.289,0.845,0.988,-100.524,-10829.098,21462.237,8983.939,425.386,85.586,0.201,2,1.456,1.799,human,_ndtrgd6mh
1146.003,7.937,4146.148,1100.559,0.96,0.998,640.591,-46226.524,36958.204,19877.223,942.53,916.212,0.972,1,0.189,2.245,human,_nf2n08y64
1453.927,110.485,3188.207,766.018,0.527,0.965,-1040.183,-33278.257,20011.076,14522.781,1236.789,1213.925,0.982,1,0.058,2.342,human,_ng3hyq2rr
1167.075,81.589,3750.307,1065.272,0.913,0.978,-550.001,-30727.516,27722.954,12857.585,1479.947,919.904,0.622,5,0.161,2.376,human,_nhwhyr4i2
582.319,9.523,1303.635,306.474,0.526,0.993,306.227,-7269.389,13446.274,3722.96,992.593,949.769,0.957,2,0.07,2.805,human,_nprbktx1z
835.181,70.711,2732.18,690.475,0.827,0.974,-478.139,-21028.56,15775.985,9707.382,795.193,538.555,0.677,3,0.548,1.414,human,_o23nni9ml
505.31,66.261,1354.404,442.71,0.876,0.951,-551.522,-16889.859,16390.482,9199.262,279.655,146.0,0.522,2,1.637,1.733,human,_o42b3q2ie
2071.235,2.427,8601.918,2631.687,1.271,1.0,153.636,-94811.28,98281.105,33056.433,3533.488,156.042,0.044,13,1.17,2.288,human,_o5k643oyz
676.755,35.493,1976.377,519.778,0.768,0.982,308.296,-14359.277,17709.78,8421.909,1043.04,954.694,0.915,0,0.026,2.685,human,_o8r0pai4x
1421.776,313.834,2900.473,715.718,0.503,0.892,-1447.554,-21658.065,14495.195,10569.974,1071.358,963.808,0.9,1,0.104,1.889,human,_o9wtqios2
2426.898,12.195,9866.983,2855.854,1.177,0.999,-4616.236,-81020.176,108189.134,40583.721,2304.575,1219.512,0.529,5,0.43,2.426,human,_ocxgrw77u
307.9,-241.058,852.404,347.918,1.13,1.283,164.268,-9122.605,15769.939,8412.0,447.917,149.215,0.333,2,1.364,1.055,human,_ofdrdqmw2
540.428,10.204,1430.619,347.97,0.644,0.993,-77.147,-9818.51,8619.226,3838.149,964.144,821.312,0.852,7,0.243,2.248,human,_oj6igihfj
1368.648,267.123,3486.214,1067.547,0.78,0.923,-3283.183,-17665.097,11345.417,6933.621,1177.062,773.946,0.658,2,0.836,1.972,human,_ojlvuxrza
664.859,60.813,1785.961,517.168,0.778,0.966,-779.324,-15971.385,6004.316,4793.695,909.523,773.409,0.85,1,0.053,2.691,human,_ope3hvhvr
4676.294,14.706,12005.526,4498.773,0.962,0.999,-10948.048,-125197.201,121282.362,68592.165,3199.885,424.317,0.133,3,0.306,2.02,human,_ouahoy5ie
184.504,22.519,481.738,130.366,0.707,0.953,-548.197,-3059.886,2726.701,1684.981,490.218,319.401,0.652,3,0.585,2.025,human,_owpmyhkd9
1218.765,14.085,6892.624,1981.306,1.626,0.998,-8931.737,-68597.895,19108.066,23804.837,730.022,677.562,0.928,1,0.171,2.303,human,_owy5uboeq
533.709,15.152,1916.56,526.574,0.987,0.992,678.18,-11713.653,36045.592,10736.755,668.381,498.353,0.746,3,0.302,2.227,human,_owyb7ldq6
361.802,34.493,789.723,184.918,0.511,0.956,27.201,-4372.772,3730.225,1918.82,1085.435,1065.421,0.982,0,0.019,2.697,human,_pdvk2d8vt
2255.628,20.478,5018.366,1936.204,0.858,0.996,1802.825,-24661.987,66822.559,24153.899,1452.067,1293.406,0.891,3,0.875,2.164,human,_pfxrocor3
2549.726,139.403,6098.909,1938.651,0.76,0.977,2423.507,-51517.117,101340.272,42218.778,1902.01,1311.859,0.69,5,0.908,2.138,human,_pg90jy7m2
2928.492,137.387,16849.082,5151.207,1.759,0.992,18824.274,-47805.338,209584.728,73989.435,1770.324,1414.978,0.799,5,1.951,1.56,human,_q32jjieeu
1297.083,237.288,4152.274,1086.017,0.837,0.943,-1697.864,-27775.872,22641.358,10125.85,1502.639,788.886,0.525,4,0.452,2.22,human,_q6aaad7ks
216.3,6.458,927.996,252.506,1.167,0.993,263.026,-9214.733,8952.768,3087.354,266.288,249.243,0.936,4,0.202,2.389,human,_q7326ud7n
461.633,50.0,1620.415,482.83,1.046,0.969,-1161.807,-6898.98,4720.05,2711.594,637.233,551.675,0.866,7,0.172,2.095,human,_qathz17kr
1339.023,120.814,5085.299,1475.222,1.102,0.976,-9907.706,-48718.041,27005.623,22463.84,746.208,721.117,0.966,2,0.108,2.043,human,_qf6p6gq3s
500.346,6.519,1086.862,280.422,0.56,0.994,178.359,-5210.155,8915.708,3191.374,1063.106,1013.266,0.953,1,0.063,2.329,human,_qgqhxursc
225.729,12.627,867.055,167.195,0.741,0.985,37.88,-5708.855,3995.584,1589.878,947.878,857.28,0.904,5,0.1,2.222,human,_qhcrrf3s5
1531.814,15.474,6294.333,1637.724,1.069,0.998,-19.459,-37250.061,59511.437,22668.559,1558.442,1218.235,0.782,3,0.442,2.018,human,_qjs4ud63k
944.445,10.309,2604.362,700.486,0.742,0.996,2036.011,-15767.947,25294.798,11234.018,1880.209,963.37,0.512,1,0.308,2.062,human,_qkpu287zy
1524.046,0.0,3863.634,1075.78,0.706,1.0,-7237.154,-29217.456,11420.876,12443.059,874.982,862.077,0.985,1,0.569,1.677,human,_qkxc3qd00
789.749,14.899,1483.214,470.484,0.596,0.99,-287.666,-10699.909,12116.645,5113.392,902.216,839.62,0.931,3,0.747,1.616,human,_ql6xb4cvp
1194.834,10.75,2981.712,863.312,0.723,0.996,-1201.75,-16982.013,16203.594,10060.072,1173.414,941.523,0.802,2,0.134,2.01,human,_qthfjcgew
420.134,12.492,1600.246,472.573,1.125,0.992,125.078,-12999.186,20053.798,5547.913,748.027,634.824,0.849,10,1.082,2.245,human,_qums74mcn
379.259,24.342,845.187,193.15,0.509,0.971,64.048,-3802.492,4642.555,1867.471,852.706,633.035,0.742,4,0.067,2.732,human,_r2fwaitb0
1504.259,583.411,2586.264,653.968,0.435,0.774,-936.153,-19673.673,20521.861,12276.938,866.466,841.971,0.972,0,0.04,2.197,human,_r32tm0bah
1828.185,17.901,6333.333,2106.263,1.152,0.997,-5449.394,-68068.223,51458.289,28789.732,1615.468,90.028,0.056,3,0.261,2.154,human,_raa8nrv3q
2309.076,10.526,10256.866,3863.297,1.673,0.999,7767.669,-66397.32,157448.751,60383.851,1602.304,361.621,0.226,4,1.596,1.667,human,_rc5ta6i1g
640.195,48.074,1242.576,437.058,0.683,0.961,-3852.867,-8639.708,1838.835,3504.048,225.098,224.183,0.996,0,0.018,1.609,human,_rh7zt5gwm
1061.836,53.846,1750.318,568.928,0.536,0.969,-758.127,-12670.095,10854.365,7210.187,947.257,927.235,0.979,2,0.136,1.489,human,_rjjbwffx6
2348.589,54.054,9477.842,2827.263,1.204,0.994,-1860.84,-131220.844,72319.021,50305.897,1855.058,1546.6,0.834,6,0.848,2.352,human,_rkp400aou
755.418,127.972,1902.264,541.205,0.716,0.933,439.946,-7180.466,13442.096,4115.376,1133.787,1046.171,0.923,0,0.028,2.557,human,_rndnpoylk
545.247,68.776,2026.829,554.314,1.017,0.966,92.12,-11936.521,38393.187,10283.741,557.434,486.508,0.873,1,0.127,2.395,human,_rnydjpnp9
1011.659,10.908,2590.227,681.299,0.673,0.996,-56.0,-21324.183,14336.579,6501.818,3462.697,630.908,0.182,13,0.327,2.594,human,_rqto83ger
826.249,18.919,2584.367,861.854,1.043,0.993,1138.457,-28396.083,22639.445,15851.999,2077.708,1276.287,0.614,4,0.532,1.894,human,_s8unyto5q
846.947,125.647,2020.365,537.044,0.634,0.938,-1885.513,-15935.692,10785.851,8283.923,639.142,445.431,0.697,3,0.409,2.254,human,_skticlacw
458.3,3.608,1352.082,370.903,0.809,0.997,751.729,-6669.32,8068.076,4093.934,924.639,896.732,0.97,1,0.022,1.794,human,_smu20f6fc
765.115,76.923,1935.724,493.919,0.646,0.96,-327.251,-14776.873,12784.171,6276.987,1346.139,1161.985,0.863,3,0.57,1.841,human,_sn0lvl2l3
866.633,132.377,2557.833,683.145,0.788,0.948,-107.809,-14188.837,25283.907,9596.384,697.414,682.421,0.979,0,0.024,2.352,human,_snvjb6v5v
1021.636,112.826,2910.718,833.855,0.816,0.961,-1902.129,-19469.947,9013.082,8331.48,836.402,803.711,0.961,1,0.283,1.818,human,_svjm1ucvs
1647.991,52.378,5194.562,1677.409,1.018,0.99,-7224.954,-36670.001,28431.84,18296.477,904.692,871.413,0.963,3,0.257,1.831,human,_sy0pk92ld
969.775,2.242,3279.613,1003.03,1.034,0.999,-2720.982,-28133.961,19186.455,10685.577,860.794,752.792,0.875,4,0.594,1.807,human,_szaiwyjyw
202.643,0.0,502.38,187.454,0.925,1.0,-188.774,-4163.475,2000.677,1376.946,723.34,693.804,0.959,5,0.532,2.069,human,_t00g3ce7g
1268.224,36.364,3603.819,1035.589,0.817,0.99,-253.662,-46181.896,42158.54,16801.24,2734.06,794.4,0.291,15,1.076,2.756,human,_t9qxu6j36
685.528,41.609,2401.446,525.972,0.767,0.983,1069.651,-12584.404,22114.383,7441.278,1103.263,1074.267,0.974,1,0.061,2.705,human,_tc6373bxo
556.871,22.271,1359.557,406.514,0.73,0.984,-309.055,-10398.703,8277.198,3770.777,805.757,707.764,0.878,0,0.066,2.535,human,_tdpabakly
110.803,47.198,148.316,32.329,0.292,0.682,-212.986,-776.789,623.832,513.086,37.466,37.014,0.988,0,0.053,1.609,human,_toldx34zx
232.162,38.444,834.027,119.042,0.513,0.954,84.414,-3725.547,8731.045,1532.394,1084.299,804.789,0.742,3,0.046,2.843,human,_tv0u4173p
348.489,18.519,971.808,225.804,0.648,0.981,315.785,-4127.582,7421.32,2724.547,594.36,523.249,0.88,7,0.187,2.653,human,_u312nsz9a
1644.95,61.111,4162.778,1495.116,0.909,0.985,-1826.686,-34014.676,22422.822,12909.01,1406.921,1181.577,0.84,2,0.109,2.441,human,_u44tkshas
451.569,36.066,1824.167,391.841,0.868,0.98,734.914,-9115.66,7850.49,3067.268,1228.198,1100.048,0.896,4,0.521,1.734,human,_u82l70f0o
1376.145,17.62,5135.845,1545.871,1.123,0.997,-1110.16,-42929.456,41020.762,20685.195,1287.61,926.418,0.719,5,0.807,2.176,human,_ublnqyz3p
892.745,4.673,2147.158,529.701,0.593,0.998,-1588.29,-14845.052,13767.364,7798.964,1134.712,657.761,0.58,8,0.379,2.442,human,_udilaa092
538.116,19.231,1811.737,422.661,0.785,0.989,-449.471,-17738.328,10767.5,5912.208,1223.584,1034.389,0.845,2,0.06,2.655,human,_udpf96sfq
1568.017,9.174,9433.333,2423.238,1.545,0.999,311.991,-86164.045,137510.352,47386.213,1304.309,1195.046,0.916,3,0.23,2.144,human,_ugbij9081
1600.281,10.695,6348.684,1910.536,1.194,0.998,100.212,-72182.3,82166.858,32759.892,1881.496,519.317,0.276,9,1.568,2.25,human,_uis0vyr0p
1287.307,13.889,7310.27,1921.877,1.493,0.998,2107.049,-83814.931,75507.194,35665.893,1161.46,979.159,0.843,5,1.605,1.807,human,_ulyz0ncct
598.933,1.35,2365.104,637.901,1.065,0.999,1534.112,-30612.298,34180.021,12816.491,1230.477,959.329,0.78,11,0.788,2.467,human,_urwvvy37w
585.81,15.873,1476.71,478.754,0.817,0.989,-89.562,-6940.467,7670.261,3205.61,822.098,726.245,0.883,2,0.298,1.846,human,_uuw35bysq
153.969,0.0,514.36,87.823,0.57,1.0,99.474,-4542.409,7310.116,1608.412,608.614,588.558,0.967,5,0.483,1.353,human,_v67xvtqrs
1164.948,43.514,3221.916,995.122,0.854,0.986,-1204.657,-26367.78,14137.624,12552.554,847.21,827.191,0.976,1,0.086,2.095,human,_v80mat9v7
1658.302,3.717,4980.831,1566.039,0.944,0.999,378.331,-47394.811,77815.779,25244.195,2578.621,629.401,0.244,5,0.364,2.499,human,_varfazmd0
765.114,28.168,2035.651,584.233,0.764,0.986,-124.806,-12434.148,29269.755,8150.049,1151.936,704.807,0.612,2,0.142,2.477,human,_vhnxxnzsk
462.685,6.932,1017.826,327.664,0.708,0.993,129.651,-4361.692,8848.307,2902.919,874.006,757.813,0.867,4,0.25,2.184,human,_vnjxrkczv
732.872,41.231,2677.304,751.933,1.026,0.985,2742.522,-8611.676,21944.972,8450.465,1923.174,1473.893,0.766,6,0.376,2.659,human,_vqtlq2u6h
689.428,70.299,2159.205,590.398,0.856,0.967,-881.854,-17491.606,35405.178,11088.615,937.798,640.02,0.682,5,0.31,2.281,human,_vqxfxtko4
1547.404,131.306,3594.9,1407.185,0.909,0.963,-6268.563,-23596.755,3009.208,9882.08,887.93,870.687,0.981,1,0.198,1.581,human,_vrekpmoho
1286.784,4.563,3137.931,988.637,0.768,0.999,1874.351,-12966.944,22632.674,9908.434,1308.699,974.462,0.745,2,0.164,1.285,human,_vrjc0m12z
699.588,0.0,2142.857,536.777,0.767,1.0,124.691,-8290.816,13453.653,6058.542,1222.467,968.614,0.792,4,0.728,1.534,human,_vsnmo51x9
1029.819,6.452,2917.056,982.025,0.954,0.998,752.823,-28216.781,25894.008,13317.906,1067.581,1016.162,0.952,2,0.18,2.069,human,_vwflg8map
1454.413,167.628,4427.707,1490.903,1.025,0.962,-6402.907,-29702.341,1654.93,9221.492,1053.308,1018.578,0.967,1,0.078,2.369,human,_w0tf4pj8t
322.64,44.194,616.958,193.418,0.599,0.928,-554.829,-4389.038,2969.752,1879.248,277.301,250.799,0.904,0,0.089,2.243,human,_w13m626xk
575.358,58.561,1674.634,459.159,0.798,0.965,-1961.232,-9957.499,3801.286,3341.734,995.771,798.254,0.802,5,0.755,2.146,human,_w4f8s85g3
605.527,84.38,1652.781,427.037,0.705,0.949,-285.89,-10080.687,17196.521,5942.107,938.202,590.587,0.629,5,0.196,2.575,human,_w4x44qbyq
910.665,79.937,1731.47,438.569,0.482,0.954,79.731,-9089.143,16763.383,6357.505,1369.589,1059.368,0.773,5,0.771,2.048,human,_w6a6vicku
341.852,6.838,979.729,227.117,0.664,0.993,-150.705,-5948.123,5699.897,2340.944,646.524,625.634,0.968,1,0.045,2.488,human,_wc1r3qr55
1171.837,1.25,4296.452,1329.389,1.134,1.0,762.415,-26867.148,52625.105,18856.753,1176.393,1119.239,0.951,3,0.17,2.17,human,_wgxq3j1iz
769.332,7.071,2678.181,760.556,0.989,0.997,-924.366,-19008.54,12066.116,6697.008,1246.329,931.904,0.748,3,0.111,1.018,human,_wi1g23ob2
868.426,37.037,3378.826,794.309,0.915,0.989,1977.801,-12746.681,22109.174,8945.226,1040.009,905.108,0.87,4,0.188,2.552,human,_wk8fp1svv
1005.023,0.0,2515.007,864.336,0.86,1.0,1122.867,-20592.431,24066.479,13698.604,541.208,155.232,0.287,2,1.517,1.561,human,_wmrasekyq
1345.374,67.458,3427.839,1157.036,0.86,0.98,1834.873,-18274.094,31136.78,13864.905,913.645,911.795,0.998,0,0.004,2.146,human,_wuby0z6br
995.452,13.889,3779.012,1050.361,1.055,0.996,587.845,-25451.357,47137.544,15852.222,947.539,877.084,0.926,3,0.527,1.835,human,_wux99muvf
283.01,0.0,817.961,224.042,0.792,1.0,40.223,-5133.253,6030.412,2456.162,1045.025,950.598,0.91,8,0.597,1.737,human,_x118bgicm
1171.773,7.99,3096.131,1048.274,0.895,0.997,3245.942,-35008.841,39789.809,20130.443,2163.066,979.878,0.453,10,1.212,2.135,human,_xa29btatp
552.494,5.59,1738.918,549.375,0.994,0.997,-1268.417,-22161.525,13256.777,8729.964,557.426,444.083,0.797,6,0.538,2.558,human,_xat15yscu
1323.608,13.342,7408.996,1841.721,1.391,0.998,2073.065,-57933.217,61496.648,25880.226,1563.788,1543.452,0.987,1,0.076,2.528,human,_xqzvb3shu
2076.683,40.404,7970.069,2418.117,1.164,0.995,-11882.466,-51081.416,8227.412,17835.61,1392.485,1351.857,0.971,2,0.461,1.846,human,_xrb35pj32
864.397,9.346,2141.501,640.583,0.741,0.996,-1182.3,-11489.727,10188.31,5036.95,1015.173,1012.625,0.997,1,0.078,1.636,human,_xv78588w2
288.722,58.824,546.594,133.4,0.462,0.892,-58.527,-2603.651,3491.732,1482.01,496.619,494.365,0.995,0,0.016,2.507,human,_xww1100mo
755.63,10.102,1950.639,559.232,0.74,0.995,-1253.801,-24321.096,16281.823,8457.916,914.157,609.631,0.667,4,0.368,2.363,human,_xx4d3i3a5
323.928,87.719,561.339,131.685,0.407,0.844,-25.285,-3185.883,3070.986,1549.22,616.554,612.865,0.994,0,0.011,2.488,human,_y2v87hcuq
1985.589,8.131,4122.385,1189.5,0.599,0.998,-421.058,-45583.484,34671.868,15952.548,4552.211,843.297,0.185,21,0.692,2.581,human,_y3ascjbz8
679.559,48.544,1559.036,442.893,0.652,0.969,-157.806,-16108.763,12979.767,6281.449,1366.368,1143.648,0.837,3,0.068,2.713,human,_y77kd9nil
182.844,4.274,525.509,119.659,0.654,0.992,89.107,-2261.58,3777.475,1378.649,478.355,399.145,0.834,10,0.319,2.456,human,_y8vfaoqii
1086.151,1.484,4529.277,1340.154,1.234,1.0,280.175,-41256.243,44739.497,18390.64,1641.962,1517.753,0.924,9,0.878,2.091,human,_yb7o6phn8
399.167,13.889,1168.986,276.465,0.693,0.988,-61.996,-10212.185,10503.028,4664.258,1010.311,837.054,0.829,5,0.196,2.481,human,_yd0h7g89y
1078.373,3.69,5178.025,1492.046,1.384,0.999,-3186.106,-35430.145,12995.002,11349.821,1299.396,902.67,0.695,3,0.696,0.965,human,_yg9bkv3uh
3312.534,26.307,11059.167,3443.305,1.039,0.998,-984.477,-152968.569,153681.832,70484.531,3280.434,1407.472,0.429,6,0.787,2.339,human,_yh9z0nadl
606.948,6.623,1859.649,451.332,0.744,0.996,-137.756,-12974.658,16270.978,7099.289,904.146,479.004,0.53,8,0.314,2.185,human,_ys4hj0oq8
877.599,15.625,2149.033,659.687,0.752,0.993,596.559,-16247.12,17559.296,8036.389,1179.588,994.616,0.843,5,0.167,2.516,human,_ywvuzlj0f
1554.084,8.032,5850.088,1815.899,1.168,0.999,-4774.124,-42985.419,32128.436,21388.46,1055.536,996.773,0.944,1,0.208,2.146,human,_yyyl0jq3g
614.933,42.373,1504.565,448.952,0.73,0.972,-153.355,-5205.196,17011.655,4766.618,987.709,920.457,0.932,2,0.079,2.814,human,_z2oqkhehg
1141.243,224.138,2831.631,573.795,0.503,0.921,-560.754,-24123.341,18242.109,8097.297,6246.902,391.523,0.063,4,0.035,2.656,human,_za4exg1lx
1203.775,10.989,3019.605,1049.33,0.872,0.996,-1740.913,-31431.579,20406.442,13914.85,754.908,679.551,0.9,3,0.474,1.834,human,_zaljir76u
743.782,76.923,1510.27,435.491,0.586,0.949,-346.681,-12826.824,9115.734,4527.976,1232.876,1056.371,0.857,1,0.055,2.661,human,_zbp8dnif8
659.404,15.625,2403.24,613.926,0.931,0.993,516.828,-11803.564,21705.64,7642.758,803.711,679.213,0.845,5,0.151,2.479,human,_zd0f5d6c3
745.885,9.274,2850.746,815.734,1.094,0.997,-3309.63,-21927.541,2069.574,6094.532,637.324,630.317,0.989,1,0.074,2.205,human,_zg7232d1w
735.064,2.406,2693.741,754.623,1.027,0.999,1168.957,-27222.457,33007.266,11335.797,1227.01,960.651,0.783,5,0.442,2.262,human,_zg8nrgg0d
1633.98,26.683,5566.403,1419.365,0.869,0.995,428.075,-71122.955,69181.465,24563.35,4632.011,704.006,0.152,21,0.626,2.702,human,_zgfmvq51b
1124.69,43.844,4045.593,1200.72,1.068,0.989,344.699,-42427.465,25745.675,16855.12,846.66,833.274,0.984,0,0.024,2.254,human,_zk3t6nvtf
696.475,6.024,1788.871,432.761,0.621,0.997,339.982,-15131.47,10654.111,6494.383,1067.867,604.884,0.566,6,0.26,2.471,human,_zolh7zr7q
1591.758,21.709,6275.992,1723.332,1.083,0.997,214.739,-57516.968,45645.178,22729.556,1612.352,1396.797,0.866,6,0.365,2.425,human,_ztxvvtulh
1959.513,1.698,7206.192,2093.496,1.068,1.0,4634.062,-68908.134,114563.808,36807.113,2614.331,1626.725,0.622,11,0.798,2.752,human,_zvlcj9viy
816.733,20.979,3452.799,889.843,1.09,0.994,-1088.079,-28498.467,18246.705,9097.595,1112.019,918.357,0.826,2,0.17,1.228,human,_zvs2ey9zn
